"Nom";"Reference_SKU";"Prix_TTC";"Devise";"Disponibilite";"Categorie";"URL_Produit";"URL_Image";"Description"
"Kit de 4 Ventouses Réparation Écran et Vitre Arrière";"23239";"2.4";"EUR";"Rupture / sur commande";"Outils > Ouverture > Ventouse";"https://www.pieces2mobile.com/kit-de-4-ventouses-reparation-ecran-et-vitre-arriere.html";"https://www.pieces2mobile.com/media/catalog/product/cache/08ce6ea9b7ea9e423fa7c2e2ae0fab3c/k/i/kit-de-4-ventouses.jpg";"L'outillage d'ouverture indispensable pour sécuriser le démontage des écrans Distributeur de premier plan de pièces détachées, de consommables et d'outillage technique pour téléphones portables et tablettes, Pieces2mobile vous propose ce kit de 4 ventouses de réparation professionnelles. Conçu pour simplifier l'étape la plus délicate de la réparation électronique — l'ouverture de l'appareil —, ce ..."
"Wylie Mousse de Protection pour Caméra 3D - Boîte de 70 Pièces";"23240";"6";"EUR";"Rupture / sur commande";"Outils > Autres > Autres";"https://www.pieces2mobile.com/stickers-en-mousse-de-protection-wylie-pour-camera-3d-boite-de-70-pieces.html";"https://www.pieces2mobile.com/media/catalog/product/cache/08ce6ea9b7ea9e423fa7c2e2ae0fab3c/s/t/stickers-en-mousse-de-protection-wylie-pour-camera-3d-bo_te-de-70-pieces-1.jpg";"Le pack de protection optique ultime pour sécuriser vos réparations de modules caméras et Face ID Partenaire privilégié des réparateurs professionnels pour l'approvisionnement en pièces détachées, consommables et outillage de micro-soudure, Pieces2mobile vous présente la boîte de 70 stickers en mousse de protection Wylie pour caméras 3D. Lors du remontage d'un écran ou d'un bloc optique, l'intrusi..."
"Kit de 6 Tournevis de Précision pour Réparation de Drones Mechanic-Fly Mortar";"23242";"30";"EUR";"En stock";"Outils > Démontage - Montage > Tournevis";"https://www.pieces2mobile.com/kit-de-6-tournevis-de-precision-mechanic-fly-mortar-hrc62-6-en-1-pour-reparation-de-drones.html";"https://www.pieces2mobile.com/media/catalog/product/cache/08ce6ea9b7ea9e423fa7c2e2ae0fab3c/k/i/kit-de-tournevis-de-precision-mechanic-fly-6-en-1-pour-reparation-de-drones-dji-1.jpg";"L'excellence industrielle au service de la maintenance aéronautique et des drones Distributeur incontournable de pièces détachées, d'outils de micro-soudure et de consommables de précision, Pieces2mobile vous présente le kit de 6 tournevis professionnels Mechanic-Fly de la célèbre série Mortar. Conçus spécifiquement pour absorber de fortes contraintes de torsion sur des structures compactes comme ..."
"Tournevis Électrique Sans Fil avec 48 Embouts Best 9933A";"23241";"26.4";"EUR";"Rupture / sur commande";"Outils > Démontage - Montage > Tournevis";"https://www.pieces2mobile.com/tournevis-electrique-sans-fil-type-c-avec-48-embouts-best-9933a-50-en-1.html";"https://www.pieces2mobile.com/media/catalog/product/cache/08ce6ea9b7ea9e423fa7c2e2ae0fab3c/t/o/tournevis-electrique-sans-fil-avec-48-embouts-best-9933a-50-en-1.jpg";"La station de vissage électrique 50-en-1 modernisée avec recharge USB Type-C Distributeur incontournable de pièces détachées, de consommables d'atelier et d'outillage technique pour smartphones, tablettes et ordinateurs, Pieces2mobile vous propose la toute dernière version du tournevis électrique sans fil Best 9933A. Intégrant les standards de connectivité actuels, ce kit complet 50-en-1 se dote d..."
"Tournevis de Précision Dynamométrique BEST BST-9909 – Kit 6-en-1 pour Réparation iPhone, Android et Électronique";"23236";"18";"EUR";"En stock";"Outils > Tournevis";"https://www.pieces2mobile.com/tournevis-de-precision-dynamometrique-best-bst-9909-kit-6-en-1-pour-reparation-iphone-android-et-electronique.html";"https://www.pieces2mobile.com/media/catalog/product/cache/08ce6ea9b7ea9e423fa7c2e2ae0fab3c/t/o/tournevis-de-precision-dynamometrique-best-bst-9909-1.jpg";"L'outil de précision dynamométrique indispensable pour vos réparations Spécialiste de la distribution de pièces détachées et d'outillages de haute technicité, pieces2mobile sélectionne des équipements de qualité professionnelle pour garantir le succès de vos interventions. Le tournevis de précision dynamométrique BEST BST-9909 est l'outil indispensable pour démonter et remonter les composants sens..."
"Pince Brucelle de Précision bout rond BEST BST-13C – Micro-Soudure, Réparation Électronique et Smartphones";"23246";"3";"EUR";"En stock";"Outils > Pince > Brucelle";"https://www.pieces2mobile.com/pince-de-precision-best-bst-13c-brucelle-ultra-fine-pour-micro-soudure-reparation-electronique-et-smartphones.html";"https://www.pieces2mobile.com/media/catalog/product/cache/08ce6ea9b7ea9e423fa7c2e2ae0fab3c/p/i/pince-de-precision-best-bst-13c.jpg";"L'excellence technique pour vos réparations de précision Chez pieces2mobile, nous nous engageons à fournir des pièces détachées et des outillages de qualité supérieure pour les professionnels de la réparation et les techniciens exigeants. La pince de précision BEST BST-13C s'inscrit parfaitement dans notre charte de fiabilité. Cet outil haut de gamme est indispensable pour mener à bien les interve..."
"Stencil plaque de rebillage carte mère Samsung Exynos Galaxy S & A Series Amaoe U-SMU4 0.12 MM";"23117";"3.6";"EUR";"Rupture / sur commande";"Outils > Consommable > Soudure";"https://www.pieces2mobile.com/stencil-plaque-de-rebillage-carte-mere-samsung-exynos-galaxy-s-a-series-amaoe-u-smu4-0-12-mm.html";"https://www.pieces2mobile.com/media/catalog/product/cache/08ce6ea9b7ea9e423fa7c2e2ae0fab3c/s/t/stencil-plaque-de-rebillage-carte-mere-samsung-exynos-galaxy-s-_-a-series-amaoe-u-smu4-0.12-mm.jpg";"Le stencil AMAOE U-SMU4 est une plaque de rebillage en acier inoxydable haute résistance, découpée avec une haute précision pour garantir un alignement parfait des billes de soudure. D'une épaisseur de 0.12mm, il est compatible avec les stations à air chaud et à infrarouge. Conçu pour le rebillage des composants BGA sur carte mère, il est compatible avec les puces Exynos 2500 / E9955 présente sur ..."
"Kit de 10 Extracteurs de Carte SIM Universels (iPhone, Samsung, Android)";"23235";"2.4";"EUR";"En stock";"Outils > Kit Outils";"https://www.pieces2mobile.com/kit-de-10-extracteurs-de-carte-sim-universels-iphone-samsung-android.html";"https://www.pieces2mobile.com/media/catalog/product/cache/08ce6ea9b7ea9e423fa7c2e2ae0fab3c/e/x/extracteur-de-carte-sim-lot-x10_2.jpg";"L'outil de précision indispensable pour l'ouverture de vos tiroirs SIM Dans l'univers des pièces détachées et des réparations de téléphonie, la précision et la qualité des outillages sont fondamentales. Le site pieces2mobile vous propose ce pack de 10 extracteurs de carte SIM universels, une solution professionnelle conçue pour répondre aux exigences des techniciens comme des particuliers. Que vou..."
"Best Ruban de protection Adhésif Aluminium 3cm";"23237";"6";"EUR";"Rupture / sur commande";"Outils > Colle, Adhésif et Dissolvant > Adhésif";"https://www.pieces2mobile.com/ruban-adhesif-aluminium.html";"https://www.pieces2mobile.com/media/catalog/product/cache/08ce6ea9b7ea9e423fa7c2e2ae0fab3c/r/u/ruban-adhesif-sans-marque-aluminium-1.jpg";"Un consommable de marque Best incontournable pour la micro-soudure et la gestion thermique Distributeur de premier choix de pièces détachées, d'outils de diagnostic et de consommables de précision pour la réparation électronique, Pieces2mobile vous propose le ruban adhésif en aluminium haute performance fabriqué par Best. Spécialement formulé pour répondre aux contraintes thermiques extrêmes subie..."
"Nappe de test iPhone 17 Pro Max Dianl DL400 Pro";"23099";"6";"EUR";"En stock";"Outils > Testeur et Alimentation  > Testeur écran / Nappe TEST > DIANL DL400 Pro Testeur Ecran > DIANL DL400 Pro Nappe iPhone";"https://www.pieces2mobile.com/nappe-de-test-iphone-17-pro-max-dianl-dl400-pro.html";"https://www.pieces2mobile.com/media/catalog/product/cache/08ce6ea9b7ea9e423fa7c2e2ae0fab3c/n/a/nappe-de-test_1_1_1_1_1_1_1_1_1_1_1_1_1_1_1_1_1_1_1_1_1_1_1_1_1_1_1_1_1_1_1_1_1_1_1_1_1_1_1_1_1_1_1_1_1_1_1_1_1_1.jpg";"Cette nappe de test mentionnée est spécialement conçue pour être utilisée avec le Testeur Écran Intelligent DL400 Pro pour Smartphones (iPhone/Samsung/Xiaomi/OPPO). Cette nappe est utilisée pour évaluer les performances et la fonctionnalité des écrans de smartphones. Elle permet de vérifier divers aspects tels que la sensibilité tactile, la résolution, les couleurs, les contrastes, et d'autres car..."
"Nappe de test iPhone 17 Pro Dianl DL400 Pro";"23098";"6";"EUR";"Rupture / sur commande";"Outils > Testeur et Alimentation  > Testeur écran / Nappe TEST > DIANL DL400 Pro Testeur Ecran > DIANL DL400 Pro Nappe iPhone";"https://www.pieces2mobile.com/nappe-de-test-iphone-17-pro-dianl-dl400-pro.html";"https://www.pieces2mobile.com/media/catalog/product/cache/08ce6ea9b7ea9e423fa7c2e2ae0fab3c/n/a/nappe-de-test_1_1_1_1_1_1_1_1_1_1_1_1_1_1_1_1_1_1_1_1_1_1_1_1_1_1_1_1_1_1_1_1_1_1_1_1_1_1_1_1_1_1_1_1_1_1_1_1_1.jpg";"Cette nappe de test mentionnée est spécialement conçue pour être utilisée avec le Testeur Écran Intelligent DL400 Pro pour Smartphones (iPhone/Samsung/Xiaomi/OPPO). Cette nappe est utilisée pour évaluer les performances et la fonctionnalité des écrans de smartphones. Elle permet de vérifier divers aspects tels que la sensibilité tactile, la résolution, les couleurs, les contrastes, et d'autres car..."
"Nappe de test iPhone 17 Dianl DL400 Pro";"23096";"6";"EUR";"En stock";"Outils > Testeur et Alimentation  > Testeur écran / Nappe TEST > DIANL DL400 Pro Testeur Ecran > DIANL DL400 Pro Nappe iPhone";"https://www.pieces2mobile.com/nappe-de-test-iphone-17-dianl-dl400-pro.html";"https://www.pieces2mobile.com/media/catalog/product/cache/08ce6ea9b7ea9e423fa7c2e2ae0fab3c/n/a/nappe-de-test_1_1_1_1_1_1_1_1_1_1_1_1_1_1_1_1_1_1_1_1_1_1_1_1_1_1_1_1_1_1_1_1_1_1_1_1_1_1_1_1_1_1_1_1_1_1_1.jpg";"Cette nappe de test mentionnée est spécialement conçue pour être utilisée avec le Testeur Écran Intelligent DL400 Pro pour Smartphones (iPhone/Samsung/Xiaomi/OPPO). Cette nappe est utilisée pour évaluer les performances et la fonctionnalité des écrans de smartphones. Elle permet de vérifier divers aspects tels que la sensibilité tactile, la résolution, les couleurs, les contrastes, et d'autres car..."
"Nappe de test iPhone Air Dianl DL400 Pro";"23097";"6";"EUR";"Rupture / sur commande";"Outils > Testeur et Alimentation  > Testeur écran / Nappe TEST > DIANL DL400 Pro Testeur Ecran > DIANL DL400 Pro Nappe iPhone";"https://www.pieces2mobile.com/nappe-de-test-iphone-air-dianl-dl400-pro.html";"https://www.pieces2mobile.com/media/catalog/product/cache/08ce6ea9b7ea9e423fa7c2e2ae0fab3c/n/a/nappe-de-test_1_1_1_1_1_1_1_1_1_1_1_1_1_1_1_1_1_1_1_1_1_1_1_1_1_1_1_1_1_1_1_1_1_1_1_1_1_1_1_1_1_1_1_1_1_1_1_1.jpg";"Cette nappe de test mentionnée est spécialement conçue pour être utilisée avec le Testeur Écran Intelligent DL400 Pro pour Smartphones (iPhone/Samsung/Xiaomi/OPPO). Cette nappe est utilisée pour évaluer les performances et la fonctionnalité des écrans de smartphones. Elle permet de vérifier divers aspects tels que la sensibilité tactile, la résolution, les couleurs, les contrastes, et d'autres car..."
"Lot de 10 Éponges Nano avec guide de Découpe Best BST-QJ3";"23243";"6";"EUR";"En stock";"Outils > Autres > Autres";"https://www.pieces2mobile.com/lot-de-10-eponges-nano-avec-guide-de-decoupe-best-bst-qj3.html";"https://www.pieces2mobile.com/media/catalog/product/cache/08ce6ea9b7ea9e423fa7c2e2ae0fab3c/b/o/bo_te-de-decoupe-rangement-d_eponges-nano-pour-cartes-meres-plus-10-feuilles-best-bst-qj3-1.jpg";"L'excellence industrielle au service de la maintenance aéronautique et des drones Distributeur incontournable de pièces détachées, d'outils de micro-soudure et de consommables de précision, Pieces2mobile vous présente le kit de 6 tournevis professionnels Mechanic-Fly de la célèbre série Mortar. Conçus spécifiquement pour absorber de fortes contraintes de torsion sur des structures compactes comme ..."
"Nappe de test Samsung A71 Dianl DL400 Pro";"23095";"6";"EUR";"Rupture / sur commande";"Outils > Testeur et Alimentation  > Testeur écran / Nappe TEST > DIANL DL400 Pro Testeur Ecran > DIANL DL400 Pro Nappe Galaxy A";"https://www.pieces2mobile.com/nappe-de-test-samsung-a71-dianl-dl400-pro.html";"https://www.pieces2mobile.com/media/catalog/product/cache/08ce6ea9b7ea9e423fa7c2e2ae0fab3c/n/a/nappe-de-test_1_1_1_1_1_1_1_1_1_1_1_1_1_1_1_1_1_1_1_1_1_1_1_1_1_1_1_1_1_1_1_1_1_1_1_1_1_1_1_1_1_1_1_1_1_1.jpg";"Cette nappe de test mentionnée est spécialement conçue pour être utilisée avec le Testeur Écran Intelligent DL400 Pro pour Smartphones (iPhone/Samsung/Xiaomi/OPPO). Cette nappe est utilisée pour évaluer les performances et la fonctionnalité des écrans de smartphones. Elle permet de vérifier divers aspects tels que la sensibilité tactile, la résolution, les couleurs, les contrastes, et d'autres car..."
"Chargeur de Batterie iPhone & Android Sunshine SS-916 Ultra V3.0";"23028";"18";"EUR";"En stock";"Outils > Testeur et Alimentation  > Chargeur Batterie";"https://www.pieces2mobile.com/chargeur-de-batterie-iphone-android-sunshine-ss-916-ultra-v3-0.html";"https://www.pieces2mobile.com/media/catalog/product/cache/08ce6ea9b7ea9e423fa7c2e2ae0fab3c/c/h/chargeur-de-batterie-iphone-android-sunshine-ss-916-ultra-v3.0-1.jpg";"L'outil de diagnostic d'élite pour réactiver et charger les batteries de smartphones Distributeur de premier plan de pièces détachées, de consommables d'atelier et d'outillage de haute technologie pour téléphones portables, Pieces2mobile vous présente la plaque d'activation et de charge rapide Sunshine SS-916 Ultra V3.0. Véritable outil chirurgical pour les techniciens de maintenance, ce gabarit p..."
"Éponge de Polissage Best pour Châssis de Smartphone";"23245";"1.2";"EUR";"En stock";"Outils > Autres > Autres";"https://www.pieces2mobile.com/eponge-de-polissage-best-pour-chassis-de-smartphone.html";"https://www.pieces2mobile.com/media/catalog/product/cache/08ce6ea9b7ea9e423fa7c2e2ae0fab3c/e/p/eponge-de-polissage-best-pour-chassis-de-smartphone.jpg";"Le consommable indispensable pour la rénovation de vos smartphones Chez pieces2mobile, nous accompagnons les professionnels de la réparation et du reconditionnement en sélectionnant des pièces détachées et des outils d'une technicité irréprochable. L'éponge de polissage Best pour châssis de smartphone répond parfaitement à notre exigence de fiabilité. Ce tampon abrasif de qualité supérieure est co..."
"Pâte Thermique En Seringue 1,5g Deepcool DM9 R-DM9-GY015C-G Gris";"23345";"10.8";"EUR";"Rupture / sur commande";"Outils > Consommable > Soudure";"https://www.pieces2mobile.com/pate-thermique-en-seringue-1-5g-deepcool-dm9-r-dm9-gy015c-g-gris.html";"https://www.pieces2mobile.com/media/catalog/product/cache/08ce6ea9b7ea9e423fa7c2e2ae0fab3c/p/a/pate-thermique-en-seringue-1_5g-deepcool-dm9-r-dm9-gy015c-g-1.jpg";"Optimisez le transfert thermique de vos puces avec la pâte thermique Deepcool DM9 (1,5 g) Chez pieces2mobile, votre distributeur de confiance pour les pièces détachées et l'outillage de précision, nous sélectionnons des solutions de gestion thermique professionnelles indispensables à la pérennité de votre matériel informatique et mobile. La pâte thermique Deepcool DM9 (référence R-DM9-GY015C-G) en..."
"Pâte Thermique En Seringue 2 g Arctic MX-7 ACTCP00089A Gris";"23344";"9";"EUR";"Rupture / sur commande";"Outils > Consommable > Soudure";"https://www.pieces2mobile.com/pate-thermique-en-seringue-2-g-arctic-mx-7-actcp00089a.html";"https://www.pieces2mobile.com/media/catalog/product/cache/08ce6ea9b7ea9e423fa7c2e2ae0fab3c/p/a/pate-thermique-en-seringue-2-g-arctic-mx-7-actcp00089a-1.jpg";"Arctic MX-7 : La pâte thermique ultime à haute viscosité et zéro effet Pump-Out Chez pieces2mobile, votre fournisseur expert en pièces détachées et solutions techniques pour professionnels, nous mettons un point d'honneur à vous proposer des consommables aux spécifications physiques irréprochables. La pâte thermique Arctic MX-7 (ACTCP00089A) en seringue de 2 g marque une évolution majeure dans le ..."
"Séparateur Carte Mère iPhone Air / 17 Pro Sunshine SS T12A-N17B";"23027";"42";"EUR";"En stock";"Outils > Soudure > Séparateur de carte mère";"https://www.pieces2mobile.com/separateur-carte-mere-iphone-air-17-pro-sunshine-ss-t12a-n17b.html";"https://www.pieces2mobile.com/media/catalog/product/cache/08ce6ea9b7ea9e423fa7c2e2ae0fab3c/p/l/plaque-de-chauffe-separation-carte-mere-sunshine-ss-t12a-n17b.jpg";"Le module SS T12A-N17B de SUNSHINE est conçu uniquement pour la réparation des cartes mères des iPhone Air et iPhone 17 Pro. Il dispose d’une base en cuivre pur assurant un transfert de chaleur stable et uniforme, ainsi que d’une isolation en pierre synthétique épaissie, résistante aux hautes températures. Les patins en silicone antidérapants et les systèmes de ventilation intégrés garantissent un..."
"Séparateur Carte Mère iPhone 17 / 17 Pro Max Sunshine SS T12A-N17A ";"23026";"42";"EUR";"En stock";"Outils > Soudure > Séparateur de carte mère";"https://www.pieces2mobile.com/separateur-carte-mere-iphone-17-17-pro-max-sunshine-ss-t12a-n17a.html";"https://www.pieces2mobile.com/media/catalog/product/cache/08ce6ea9b7ea9e423fa7c2e2ae0fab3c/p/l/plaque-de-chauffe-separation-carte-mere-sunshine-ss-t12a-n17a.jpg";"Le module SS T12A-N17A de SUNSHINE est conçu pour la réparation des cartes mères des iPhone 17 et iPhone 17 Pro Max. Il intègre une base en cuivre pur qui assure une diffusion thermique stable et homogène, ainsi qu’une isolation en pierre synthétique épaissie résistante aux hautes températures. Les patins en silicone antidérapants, combinés aux systèmes de ventilation intégrés, améliorent la sécur..."
"chiffon anti-poussière en fibre électrostatique Maant (x100)";"22975";"6";"EUR";"En stock";"Outils > Autres > Autres";"https://www.pieces2mobile.com/chiffons-de-nettoyage-microfibre-et-antistatiques-haute-precision-pour-ecrans-et-electronique-maant-packs-rouge-bleu.html";"https://www.pieces2mobile.com/media/catalog/product/cache/08ce6ea9b7ea9e423fa7c2e2ae0fab3c/c/h/chiffon-anti-poussiere-en-fibre-electrostatique-maant-100-pieces-1.jpg";"Le produit Ma Ant est conçu pour répondre à des besoins de nettoyage. Le Pack Bleu contient 100 chiffons en fibres synthétiques ultraflexibles avec traitement électrostatique. Ils sont conçus pour les usages techniques et professionnels. Leur action antistatique permet de nettoyer efficacement les composants électroniques sensibles sans risque d’endommagement. Ils ne peluchent pas et résistent aux..."
"Pince Brucelle (Pointu) Maant TA-1 en Titane";"23284";"1200";"EUR";"Rupture / sur commande";"Outils > Pince > Brucelle";"https://www.pieces2mobile.com/pince-brucelle-pointu-maant-ta-1-en-titane.html";"https://www.pieces2mobile.com/media/catalog/product/cache/08ce6ea9b7ea9e423fa7c2e2ae0fab3c/p/i/pince-de-precision-maant-ta-1-ta-2-en-titane-1.jpg";"L'outil chirurgical indispensable pour vos micro-soudures : la pince Maant TA-1 en Titane Chez pieces2mobile, votre partenaire de confiance en pièces détachées et outillage de niveau professionnel, nous sélectionnons des équipements de haute technicité pour maximiser la dextérité des réparateurs. La pince brucelle droite de précision Maant TA-1 est un outil d'élite conçu pour les travaux de micro-..."
"Nappe de test Samsung M20 Dianl DL400 Pro";"23274";"6";"EUR";"En stock";"Outils > Testeur et Alimentation  > Testeur écran / Nappe TEST > DIANL DL400 Pro Testeur Ecran > DIANL DL400 Pro Nappe iPhone";"https://www.pieces2mobile.com/nappe-de-test-samsung-m20-dianl-dl400-pro.html";"https://www.pieces2mobile.com/media/catalog/product/cache/08ce6ea9b7ea9e423fa7c2e2ae0fab3c/n/a/nappe-de-test_1_1_1_1_1_1_1_1_1_1_1_1_1_1_1_1_1_1_1_1_1_1_1_1_1_1_1_1_1_1_1_1_1_1_1_1_1_1_1_1_1_1_1_1_1_1_1_1_1_1_1_1_1_1_1_1_1_1_1_1.jpg";"Cette nappe de test mentionnée est spécialement conçue pour être utilisée avec le Testeur Écran Intelligent DL400 Pro pour Smartphones (iPhone/Samsung/Xiaomi/OPPO). Cette nappe est utilisée pour évaluer les performances et la fonctionnalité des écrans de smartphones. Elle permet de vérifier divers aspects tels que la sensibilité tactile, la résolution, les couleurs, les contrastes, et d'autres car..."
"Tapis chauffant pour ouverture d’écran Maant PHD 15"" 320W";"22966";"44.4";"EUR";"En stock";"Outils > Machine > Décolleuse d'écran";"https://www.pieces2mobile.com/tapis-chauffant-pour-ouverture-d-ecran-maant-phdmini-15.html";"https://www.pieces2mobile.com/media/catalog/product/cache/08ce6ea9b7ea9e423fa7c2e2ae0fab3c/t/a/tapis-chauffant-pour-ouverture-d_ecran-maant-phd-15-1.jpg";"Le tapis chauffant MaAnt PHD est un outil indispensable pour les professionnels de la réparation d’appareils électroniques. Conçu spécialement pour le démontage sécurisé des écrans LCD de téléphones, tablettes et ordinateurs portables, il garantit des interventions précises, rapides et sans risque d’endommager les composants. Grâce à une plage de température réglable de 25°C à 130°C (±5°C), ce tap..."
"Nappe de test Samsung J720F Dianl DL400 Pro";"23267";"6";"EUR";"En stock";"Outils > Testeur et Alimentation  > Testeur écran / Nappe TEST > DIANL DL400 Pro Testeur Ecran > DIANL DL400 Pro Nappe iPhone";"https://www.pieces2mobile.com/nappe-de-test-samsung-j720f-dianl-dl400-pro.html";"https://www.pieces2mobile.com/media/catalog/product/cache/08ce6ea9b7ea9e423fa7c2e2ae0fab3c/n/a/nappe-de-test_1_1_1_1_1_1_1_1_1_1_1_1_1_1_1_1_1_1_1_1_1_1_1_1_1_1_1_1_1_1_1_1_1_1_1_1_1_1_1_1_1_1_1_1_1_1_1_1_1_1_1_1_1.jpg";"Cette nappe de test mentionnée est spécialement conçue pour être utilisée avec le Testeur Écran Intelligent DL400 Pro pour Smartphones (iPhone/Samsung/Xiaomi/OPPO). Cette nappe est utilisée pour évaluer les performances et la fonctionnalité des écrans de smartphones. Elle permet de vérifier divers aspects tels que la sensibilité tactile, la résolution, les couleurs, les contrastes, et d'autres car..."
"Nappe de test Samsung M336B Dianl DL400 Pro";"23272";"6";"EUR";"En stock";"Outils > Testeur et Alimentation  > Testeur écran / Nappe TEST > DIANL DL400 Pro Testeur Ecran > DIANL DL400 Pro Nappe iPhone";"https://www.pieces2mobile.com/nappe-de-test-samsung-m336b-dianl-dl400-pro.html";"https://www.pieces2mobile.com/media/catalog/product/cache/08ce6ea9b7ea9e423fa7c2e2ae0fab3c/n/a/nappe-de-test_1_1_1_1_1_1_1_1_1_1_1_1_1_1_1_1_1_1_1_1_1_1_1_1_1_1_1_1_1_1_1_1_1_1_1_1_1_1_1_1_1_1_1_1_1_1_1_1_1_1_1_1_1_1_1_1_1_1.jpg";"Cette nappe de test mentionnée est spécialement conçue pour être utilisée avec le Testeur Écran Intelligent DL400 Pro pour Smartphones (iPhone/Samsung/Xiaomi/OPPO). Cette nappe est utilisée pour évaluer les performances et la fonctionnalité des écrans de smartphones. Elle permet de vérifier divers aspects tels que la sensibilité tactile, la résolution, les couleurs, les contrastes, et d'autres car..."
"Nappe de test Samsung M14 5G Dianl DL400 Pro";"23273";"6";"EUR";"En stock";"Outils > Testeur et Alimentation  > Testeur écran / Nappe TEST > DIANL DL400 Pro Testeur Ecran > DIANL DL400 Pro Nappe iPhone";"https://www.pieces2mobile.com/nappe-de-test-samsung-m14-5g-dianl-dl400-pro.html";"https://www.pieces2mobile.com/media/catalog/product/cache/08ce6ea9b7ea9e423fa7c2e2ae0fab3c/n/a/nappe-de-test_1_1_1_1_1_1_1_1_1_1_1_1_1_1_1_1_1_1_1_1_1_1_1_1_1_1_1_1_1_1_1_1_1_1_1_1_1_1_1_1_1_1_1_1_1_1_1_1_1_1_1_1_1_1_1_1_1_1_1.jpg";"Cette nappe de test mentionnée est spécialement conçue pour être utilisée avec le Testeur Écran Intelligent DL400 Pro pour Smartphones (iPhone/Samsung/Xiaomi/OPPO). Cette nappe est utilisée pour évaluer les performances et la fonctionnalité des écrans de smartphones. Elle permet de vérifier divers aspects tels que la sensibilité tactile, la résolution, les couleurs, les contrastes, et d'autres car..."
"Stencil plaque de rebillage carte mère S23 / S23 Ultra / S24 / S24 Ultra Amaoe SAM:19 0.12 MM";"23008";"3.6";"EUR";"Rupture / sur commande";"Outils > Soudure > Plaque de rebillage";"https://www.pieces2mobile.com/stencil-plaque-de-rebillage-carte-mere-s23-s23-ultra-s24-s24-ultra-amaoe-sam-19-0-12-mm.html";"https://www.pieces2mobile.com/media/catalog/product/cache/08ce6ea9b7ea9e423fa7c2e2ae0fab3c/s/t/stencil-plaque-de-rebillage-carte-mere-s23-plus-s23-ultra-plus-s24-plus-s24-ultra-amaoe-sam19-0.12-mm.jpg";"La plaque de rebillage AMAOE SAM:19 est spécialement conçue pour le rebillage des composants BGA sur carte mère. Elle est compatible avec les modèles S23 / S23 Ultra / S24 / S24 Ultra, ce qui en fait un outil adapté aux réparations précises de ce smartphone. Il s’agit d’une plaque de rebillage baseband (BB) fabriquée en acier inoxydable haute résistance, offrant une découpe de haute précision pour..."
"Nappe de test Samsung M51 Dianl DL400 Pro";"23265";"6";"EUR";"En stock";"Outils > Testeur et Alimentation  > Testeur écran / Nappe TEST > DIANL DL400 Pro Testeur Ecran > DIANL DL400 Pro Nappe iPhone";"https://www.pieces2mobile.com/nappe-de-test-samsung-m51-dianl-dl400-pro.html";"https://www.pieces2mobile.com/media/catalog/product/cache/08ce6ea9b7ea9e423fa7c2e2ae0fab3c/n/a/nappe-de-test_1_1_1_1_1_1_1_1_1_1_1_1_1_1_1_1_1_1_1_1_1_1_1_1_1_1_1_1_1_1_1_1_1_1_1_1_1_1_1_1_1_1_1_1_1_1_1_1_1_1_1.jpg";"Cette nappe de test mentionnée est spécialement conçue pour être utilisée avec le Testeur Écran Intelligent DL400 Pro pour Smartphones (iPhone/Samsung/Xiaomi/OPPO). Cette nappe est utilisée pour évaluer les performances et la fonctionnalité des écrans de smartphones. Elle permet de vérifier divers aspects tels que la sensibilité tactile, la résolution, les couleurs, les contrastes, et d'autres car..."
"Nappe de test Samsung M52 5G Dianl DL400 Pro";"23266";"6";"EUR";"En stock";"Outils > Testeur et Alimentation  > Testeur écran / Nappe TEST > DIANL DL400 Pro Testeur Ecran > DIANL DL400 Pro Nappe iPhone";"https://www.pieces2mobile.com/nappe-de-test-samsung-m52-5g-dianl-dl400-pro.html";"https://www.pieces2mobile.com/media/catalog/product/cache/08ce6ea9b7ea9e423fa7c2e2ae0fab3c/n/a/nappe-de-test_1_1_1_1_1_1_1_1_1_1_1_1_1_1_1_1_1_1_1_1_1_1_1_1_1_1_1_1_1_1_1_1_1_1_1_1_1_1_1_1_1_1_1_1_1_1_1_1_1_1_1_1.jpg";"Cette nappe de test mentionnée est spécialement conçue pour être utilisée avec le Testeur Écran Intelligent DL400 Pro pour Smartphones (iPhone/Samsung/Xiaomi/OPPO). Cette nappe est utilisée pour évaluer les performances et la fonctionnalité des écrans de smartphones. Elle permet de vérifier divers aspects tels que la sensibilité tactile, la résolution, les couleurs, les contrastes, et d'autres car..."
"Nappe de test Samsung J701F Dianl DL400 Pro";"23268";"6";"EUR";"En stock";"Outils > Testeur et Alimentation  > Testeur écran / Nappe TEST > DIANL DL400 Pro Testeur Ecran > DIANL DL400 Pro Nappe iPhone";"https://www.pieces2mobile.com/nappe-de-test-samsung-j701f-dianl-dl400-pro.html";"https://www.pieces2mobile.com/media/catalog/product/cache/08ce6ea9b7ea9e423fa7c2e2ae0fab3c/n/a/nappe-de-test_1_1_1_1_1_1_1_1_1_1_1_1_1_1_1_1_1_1_1_1_1_1_1_1_1_1_1_1_1_1_1_1_1_1_1_1_1_1_1_1_1_1_1_1_1_1_1_1_1_1_1_1_1_1.jpg";"Cette nappe de test mentionnée est spécialement conçue pour être utilisée avec le Testeur Écran Intelligent DL400 Pro pour Smartphones (iPhone/Samsung/Xiaomi/OPPO). Cette nappe est utilisée pour évaluer les performances et la fonctionnalité des écrans de smartphones. Elle permet de vérifier divers aspects tels que la sensibilité tactile, la résolution, les couleurs, les contrastes, et d'autres car..."
"Nappe de test Samsung J700F Dianl DL400 Pro";"23269";"6";"EUR";"En stock";"Outils > Testeur et Alimentation  > Testeur écran / Nappe TEST > DIANL DL400 Pro Testeur Ecran > DIANL DL400 Pro Nappe iPhone";"https://www.pieces2mobile.com/nappe-de-test-samsung-j700f-dianl-dl400-pro.html";"https://www.pieces2mobile.com/media/catalog/product/cache/08ce6ea9b7ea9e423fa7c2e2ae0fab3c/n/a/nappe-de-test_1_1_1_1_1_1_1_1_1_1_1_1_1_1_1_1_1_1_1_1_1_1_1_1_1_1_1_1_1_1_1_1_1_1_1_1_1_1_1_1_1_1_1_1_1_1_1_1_1_1_1_1_1_1_1.jpg";"Cette nappe de test mentionnée est spécialement conçue pour être utilisée avec le Testeur Écran Intelligent DL400 Pro pour Smartphones (iPhone/Samsung/Xiaomi/OPPO). Cette nappe est utilisée pour évaluer les performances et la fonctionnalité des écrans de smartphones. Elle permet de vérifier divers aspects tels que la sensibilité tactile, la résolution, les couleurs, les contrastes, et d'autres car..."
"Nappe de test Samsung J710FQ Dianl DL400 Pro";"23270";"6";"EUR";"En stock";"Outils > Testeur et Alimentation  > Testeur écran / Nappe TEST > DIANL DL400 Pro Testeur Ecran > DIANL DL400 Pro Nappe iPhone";"https://www.pieces2mobile.com/nappe-de-test-samsung-j710fq-dianl-dl400-pro.html";"https://www.pieces2mobile.com/media/catalog/product/cache/08ce6ea9b7ea9e423fa7c2e2ae0fab3c/n/a/nappe-de-test_1_1_1_1_1_1_1_1_1_1_1_1_1_1_1_1_1_1_1_1_1_1_1_1_1_1_1_1_1_1_1_1_1_1_1_1_1_1_1_1_1_1_1_1_1_1_1_1_1_1_1_1_1_1_1_1.jpg";"Cette nappe de test mentionnée est spécialement conçue pour être utilisée avec le Testeur Écran Intelligent DL400 Pro pour Smartphones (iPhone/Samsung/Xiaomi/OPPO). Cette nappe est utilisée pour évaluer les performances et la fonctionnalité des écrans de smartphones. Elle permet de vérifier divers aspects tels que la sensibilité tactile, la résolution, les couleurs, les contrastes, et d'autres car..."
"Nappe de test Samsung M30S Dianl DL400 Pro";"23271";"6";"EUR";"En stock";"Outils > Testeur et Alimentation  > Testeur écran / Nappe TEST > DIANL DL400 Pro Testeur Ecran > DIANL DL400 Pro Nappe iPhone";"https://www.pieces2mobile.com/nappe-de-test-samsung-m30s-dianl-dl400-pro.html";"https://www.pieces2mobile.com/media/catalog/product/cache/08ce6ea9b7ea9e423fa7c2e2ae0fab3c/n/a/nappe-de-test_1_1_1_1_1_1_1_1_1_1_1_1_1_1_1_1_1_1_1_1_1_1_1_1_1_1_1_1_1_1_1_1_1_1_1_1_1_1_1_1_1_1_1_1_1_1_1_1_1_1_1_1_1_1_1_1_1.jpg";"Cette nappe de test mentionnée est spécialement conçue pour être utilisée avec le Testeur Écran Intelligent DL400 Pro pour Smartphones (iPhone/Samsung/Xiaomi/OPPO). Cette nappe est utilisée pour évaluer les performances et la fonctionnalité des écrans de smartphones. Elle permet de vérifier divers aspects tels que la sensibilité tactile, la résolution, les couleurs, les contrastes, et d'autres car..."
"Machine de retrait de colle (Glue Remover) Maant 2000 mAh CJ-1 Pro";"22920";"14.4";"EUR";"Rupture / sur commande";"Outils > Consommable > Colle / Adhésif";"https://www.pieces2mobile.com/machine-de-retrait-de-colle-glue-remover-maant-2000-mah-cj-1-pro.html";"https://www.pieces2mobile.com/media/catalog/product/cache/08ce6ea9b7ea9e423fa7c2e2ae0fab3c/m/a/machine-de-retrait-de-colle-maant-cj-2-pro-2_1.jpg";"La CJ-1 Pro de MAANT est une machine compacte et puissante pour le retrait de colle OCA, dure, incurvée et d’origine, sans produits chimiques. Son moteur en cuivre pur avec roulements à billes offre 6 W de puissance sur 9 vitesses réglables, affichées sur un écran numérique HD. Elle dispose d’une marche avant/arrière, d’un éclairage LED vert pour détecter poussières et résidus, et d’une aiguille e..."
"Plaquette de réparation A8S / I6S Face ID sans soudure I2C iPhone 13 - 17 Pro Max";"23194";"24";"EUR";"En stock";"Outils > Programmation > Module de reprogrammation";"https://www.pieces2mobile.com/plaquette-de-reparation-a8s-i6s-face-id-sans-soudure-i2c-iphone-13-17-pro-max.html";"https://www.pieces2mobile.com/media/catalog/product/cache/08ce6ea9b7ea9e423fa7c2e2ae0fab3c/m/o/module-de-reprogrammation-a8s-face-id-sans-soudure-i2c-iphone-13-17-pm-2.jpg";"La solution technique professionnelle pour la réparation Face ID sans soudure Chez pieces2mobile, notre vocation est de fournir aux techniciens et réparateurs exigeants les meilleures pièces détachées et outils du marché pour redonner vie aux fonctionnalités d'origine des smartphones. La plaquette de réparation Face ID I2C A8S / I6S représente une avancée majeure pour résoudre les pannes du capteu..."
"Puce IC Wi-Fi JCID iPhone 13 / 13 Pro / 13 Pro Max / 13 Mini / SE 2022 (W14X15 1101S)";"23264";"25.54";"EUR";"En stock";"Outils > Programmation > Plaque / Nappe de reprogrammation ";"https://www.pieces2mobile.com/puce-ic-wi-fi-jcid-iphone-13-13-pro-13-pro-max-13-mini-se-2022-w14x15-1101s.html";"https://www.pieces2mobile.com/media/catalog/product/cache/08ce6ea9b7ea9e423fa7c2e2ae0fab3c/p/u/puce-ic-wi-fi-jcid-iphone-13-13-pro-13-pro-max-13-mini-se-2022-w14x15-1101s-1.jpg";"Le composant de micro-soudure premium pour résoudre les pannes réseau Chez pieces2mobile, notre rôle est d'accompagner les laboratoires de réparation et les techniciens spécialisés en leur fournissant des pièces détachées d'une technicité irréprochable. La puce IC Wi-Fi développée par JCID (référence W14X15 1101S) is un composant de rechange de niveau professionnel. Elle est spécifiquement conçue ..."
"Nappe de réparation face ID Tag-On FPC à clipser sans soudure I2C iPhone 16e";"23201";"12";"EUR";"En stock";"Outils > Programmation > Plaque / Nappe de reprogrammation ";"https://www.pieces2mobile.com/nappe-de-reprogrammation-fpc-a-clipser-sur-face-id-i2c-iphone-16e.html";"https://www.pieces2mobile.com/media/catalog/product/cache/08ce6ea9b7ea9e423fa7c2e2ae0fab3c/n/a/nappe-de-reparation-face-id-tag-on-fpc-a-clipser-sans-soudure-i2c-iphone-16e.jpg";"La nappe FPC Tag-On i2C : la solution ultime pour réparer le Face ID de l'iPhone 16e Distributeur de référence de pièces détachées et d'outillage de précision pour les professionnels de la réparation, Pieces2mobile vous présente la nappe FPC de réparation Face ID Tag-On i2C pour iPhone 16e. Spécifiquement développée pour s'adapter à l'architecture interne et aux exigences techniques de cette génér..."
"Nappe de réparation face ID Tag-On FPC à clipser sans soudure I2C iPhone 16 Pro Max";"23200";"12";"EUR";"En stock";"Outils > Programmation > Plaque / Nappe de reprogrammation ";"https://www.pieces2mobile.com/nappe-de-reprogrammation-fpc-a-clipser-sur-face-id-i2c-iphone-16-pro-max.html";"https://www.pieces2mobile.com/media/catalog/product/cache/08ce6ea9b7ea9e423fa7c2e2ae0fab3c/n/a/nappe-de-reparation-face-id-tag-on-fpc-a-clipser-sans-soudure-i2c-iphone-16-pro-max.jpg";"La nappe FPC Tag-On i2C : la solution ultime pour réparer le Face ID de l'iPhone 16 Pro Max Distributeur de référence de pièces détachées et d'outillage de précision pour les professionnels de la réparation, Pieces2mobile vous présente la nappe FPC de réparation Face ID Tag-On i2C pour iPhone 16 Pro Max. Spécifiquement développée pour répondre aux architectures complexes et aux exigences technique..."
"Nappe de réparation face ID Tag-On FPC à clipser sans soudure I2C iPhone 17 Pro / 17 Pro Max";"23197";"18";"EUR";"En stock";"Outils > Programmation > Plaque / Nappe de reprogrammation ";"https://www.pieces2mobile.com/nappe-de-reparation-face-id-tag-on-fpc-a-clipser-sans-soudure-i2c-iphone-17-pro-17-pro-max.html";"https://www.pieces2mobile.com/media/catalog/product/cache/08ce6ea9b7ea9e423fa7c2e2ae0fab3c/n/a/nappe-de-reparation-face-id-tag-on-fpc-a-clipser-sans-soudure-i2c-iphone-17-pro-17-pro-max.jpg";"La nappe FPC Tag-On i2C : la solution ultime pour réparer le Face ID de l'iPhone 17 Pro et Pro Max Distributeur de référence de pièces détachées et d'outillage de précision pour les professionnels de la réparation, Pieces2mobile vous présente la nappe FPC de réparation Face ID Tag-On i2C pour iPhone 17 Pro et iPhone 17 Pro Max. Spécifiquement développée pour répondre aux architectures complexes et..."
"Nappe de réparation face ID Tag-On FPC à clipser sans soudure I2C iPhone 16 / 16 Plus";"23198";"12";"EUR";"En stock";"Outils > Programmation > Plaque / Nappe de reprogrammation ";"https://www.pieces2mobile.com/nappe-de-reparation-face-id-tag-on-fpc-a-clipser-sans-soudure-i2c-iphone-16-16-plus.html";"https://www.pieces2mobile.com/media/catalog/product/cache/08ce6ea9b7ea9e423fa7c2e2ae0fab3c/n/a/nappe-de-reparation-face-id-tag-on-fpc-a-clipser-sans-soudure-i2c-iphone-16-16-plus.jpg";"La nappe FPC Tag-On i2C : la solution ultime pour réparer le Face ID de l'iPhone 16 et 16 Plus Distributeur de référence de pièces détachées et d'outillage de précision pour les professionnels de la réparation, Pieces2mobile vous présente la nappe FPC de réparation Face ID Tag-On i2C pour iPhone 16 et iPhone 16 Plus. Spécifiquement développée pour répondre aux architectures complexes et aux exigen..."
"Nappe de réparation face ID Tag-On FPC à clipser sans soudure I2C iPhone 16 Pro";"23199";"12";"EUR";"En stock";"Outils > Programmation > Plaque / Nappe de reprogrammation ";"https://www.pieces2mobile.com/nappe-de-reprogrammation-fpc-a-clipser-sur-face-id-i2c-iphone-16-pro.html";"https://www.pieces2mobile.com/media/catalog/product/cache/08ce6ea9b7ea9e423fa7c2e2ae0fab3c/n/a/nappe-de-reparation-face-id-tag-on-fpc-a-clipser-sans-soudure-i2c-iphone-16-pro.jpg";"La nappe FPC Tag-On i2C : la solution ultime pour réparer le Face ID de l'iPhone 16 Pro Distributeur de référence de pièces détachées et d'outillage de précision pour les professionnels de la réparation, Pieces2mobile vous présente la nappe FPC de réparation Face ID Tag-On i2C pour iPhone 16 Pro. Spécifiquement développée pour répondre aux architectures complexes et aux exigences techniques de cet..."
"Nappe de réparation face ID Tag-On FPC à clipser sans soudure I2C iPhone 17";"23195";"18";"EUR";"En stock";"Outils > Programmation > Plaque / Nappe de reprogrammation ";"https://www.pieces2mobile.com/nappe-de-reparation-face-id-tag-on-fpc-a-clipser-sans-soudure-i2c-iphone-17.html";"https://www.pieces2mobile.com/media/catalog/product/cache/08ce6ea9b7ea9e423fa7c2e2ae0fab3c/n/a/nappe-de-reparation-face-id-tag-on-fpc-a-clipser-sans-soudure-i2c-iphone-17.jpg";"La nappe FPC Tag-On i2C : la solution ultime pour réparer le Face ID de l'iPhone 17 Distributeur de référence de pièces détachées et d'outillage de précision pour les professionnels de la réparation, Pieces2mobile vous présente la nappe FPC de réparation Face ID Tag-On i2C pour iPhone 17. Spécifiquement développée pour répondre aux exigences de la dernière génération de téléphones Apple, cette piè..."
"Nappe de réparation face ID Tag-On FPC à clipser sans soudure I2C iPhone 17 Air";"23196";"18";"EUR";"En stock";"Outils > Programmation > Plaque / Nappe de reprogrammation ";"https://www.pieces2mobile.com/nappe-de-reparation-face-id-tag-on-fpc-a-clipser-sans-soudure-i2c-iphone-17-air.html";"https://www.pieces2mobile.com/media/catalog/product/cache/08ce6ea9b7ea9e423fa7c2e2ae0fab3c/n/a/nappe-de-reparation-face-id-tag-on-fpc-a-clipser-sans-soudure-i2c-iphone-17-air.jpg";"La nappe FPC Tag-On i2C : la solution ultime pour réparer le Face ID de l'iPhone 17 Air Distributeur de référence de pièces détachées et d'outillage de précision pour les professionnels de la réparation, Pieces2mobile vous présente la nappe FPC de réparation Face ID Tag-On i2C pour iPhone 17 Air. Spécifiquement développée pour s'adapter au châssis ultra-fin et aux exigences techniques de cette gén..."
"Tapis chauffant pour ouverture d’écran 300W TBK 568A 16""";"22910";"54";"EUR";"En stock";"Outils > Machine > Décolleuse d'écran";"https://www.pieces2mobile.com/tapis-chauffant-pour-ouverture-d-ecran-300w-tbk-568a.html";"https://www.pieces2mobile.com/media/catalog/product/cache/08ce6ea9b7ea9e423fa7c2e2ae0fab3c/t/a/tapis-chauffant-pour-ouverture-d_ecran-300w-tbk-568a-1.jpg";"La station de chauffage TBK-568A est conçue par la marque TBK, reconnue comme un leader dans l’outillage de précision. Elle est spécialement développée pour le décollage sécurisé des écrans LCD et OLED, grâce à une chaleur constante et parfaitement contrôlée. Dotée d’une puissance de 300W, elle permet une montée en température ultra-rapide, idéale pour les réparations professionnelles. Son thermos..."
"Station Alimentation (DC Power Supply) 380W TBK-218";"22907";"156";"EUR";"Rupture / sur commande";"Outils > Testeur et Alimentation  > Station Alimentation";"https://www.pieces2mobile.com/station-alimentation-dc-power-supply-380w-tbk-218.html";"https://www.pieces2mobile.com/media/catalog/product/cache/08ce6ea9b7ea9e423fa7c2e2ae0fab3c/s/t/station-alimentation-dc-power-supply-380w-tbk-218.jpg";"La station d’alimentation DC régulée intelligente TBK-218 est un outil professionnel conçu pour la réparation électronique, le diagnostic de cartes mères et les tests de composants. Elle est fabriquée par TBK et propose une puissance maximale de 380 W. La tension de sortie est réglable de 0 à 30 V, avec un ajustement précis par pas de 0,1 V. Le courant de sortie varie de 0 à 10 A, avec un pic pouv..."
"Extracteur de fumée avec filtre à charbon TBK F001";"22908";"24";"EUR";"En stock";"Outils > Soudure > Extracteur de fumée";"https://www.pieces2mobile.com/ventilateur-3-en-1-10w-tbk-f001.html";"https://www.pieces2mobile.com/media/catalog/product/cache/08ce6ea9b7ea9e423fa7c2e2ae0fab3c/v/e/ventilateur-3-en-1-10w-tbk-f001.jpg";"Le modèle TBK F001 est un appareil compact et polyvalent conçu pour améliorer le confort et la sécurité en atelier. Il est équipé de plusieurs fonctions essentielles, notamment l’extraction des fumées de soudure afin de garantir un air plus sain, un système de filtration des gaz et des particules grâce au charbon actif, ainsi qu’une ventilation permettant de refroidir efficacement la zone de trava..."
"Pince Brucelle (Rond) Maant Shadow Blade D Non-magnétique";"22921";"4.2";"EUR";"En stock";"Outils > Pince > Brucelle";"https://www.pieces2mobile.com/pince-brucelle-rond-maant-shadow-blade-d-non-magnetique.html";"https://www.pieces2mobile.com/media/catalog/product/cache/08ce6ea9b7ea9e423fa7c2e2ae0fab3c/p/i/pince-brucelle-ronde-maant-shadow-blade-d.jpg";"Le MAANT Shadow Blade D est un outil de précision conçu pour la manipulation de composants électroniques très petits dans des espaces difficiles d’accès. Il est particulièrement utilisé pour saisir des fils, des puces et des condensateurs lors de travaux de micro-soudure. Grâce à ses pointes ronde, rigides et parfaitement alignées, il permet une prise en main très précise, idéale pour les réparati..."
"Pistolet à colle électrique haute précision TBK BK-006";"22909";"36";"EUR";"En stock";"Outils > Consommable > Colle / Adhésif";"https://www.pieces2mobile.com/pistolet-a-colle-electrique-haute-precision-tbk-bk-006.html";"https://www.pieces2mobile.com/media/catalog/product/cache/08ce6ea9b7ea9e423fa7c2e2ae0fab3c/p/i/pistolet-a-colle-tbk-bk-006-1.jpg";"Ce produit est un pistolet à colle électrique motorisé de la marque **TBK**, modèle **TBK-006**, conçu pour offrir un dosage automatisé permettant une application fluide, constante et sans effort. Sa précision est assurée par une pression électrique stable qui garantit un cordon de colle régulier et maîtrisé. Il intègre un système anti-goutte grâce à une molette “Return” réglable qui permet de lim..."
"Pince Brucelle (incurvé) Maant Shadow Blade L Non-magnétique";"22922";"4.8";"EUR";"Rupture / sur commande";"Outils > Pince > Brucelle";"https://www.pieces2mobile.com/pince-brucelle-courbe-maant-shadow-blade-l-non-magnetique.html";"https://www.pieces2mobile.com/media/catalog/product/cache/08ce6ea9b7ea9e423fa7c2e2ae0fab3c/p/i/pince-brucelle-courbe-maant-shadow-blade-l.jpg";"Le MAANT Shadow Blade L est un outil de précision conçu pour la manipulation de composants électroniques très petits dans des espaces difficiles d’accès. Il est particulièrement utilisé pour saisir des fils, des puces et des condensateurs lors de travaux de micro-soudure. Grâce à ses pointes fines et rigides ainsi que sa forme incurvé, il permet d’atteindre les composants avec un meilleur angle d’..."
"Nappe de test iPad Pro 11"" (3ème Gen.) 2021 Dianl DL400 Pro";"23387";"34.8";"EUR";"En stock";"Outils > Testeur et Alimentation  > Testeur écran / Nappe TEST > DIANL DL400 Pro Testeur Ecran";"https://www.pieces2mobile.com/nappe-de-test-ipad-pro-11-3eme-gen-2021-dianl-dl400-pro.html";"https://www.pieces2mobile.com/media/catalog/product/cache/08ce6ea9b7ea9e423fa7c2e2ae0fab3c/n/a/nappe-de-test_1_1_1_1_1_1_1_1_1_1_1_1_1_1_1_1_1_1_1_1_1_1_1_1_1_1_1_1_1_1_1_1_1_1_1_1_1_1_1_1_1_1_1_1_1_1_1_1_1_1_1_1_1_1_1_1_1_1_1_1_1_1_1_1.jpg";"Cette nappe de test mentionnée est spécialement conçue pour être utilisée avec le Testeur Écran Intelligent DL400 Pro pour Smartphones / Tablettes (Apple / Samsung / Xiaomi / OPPO). Cette nappe est utilisée pour évaluer les performances et la fonctionnalité des écrans de smartphones. Elle permet de vérifier divers aspects tels que la sensibilité tactile, la résolution, les couleurs, les contrastes..."
"Nappe de test iPad Pro 11"" (1ère Gen.) 2018 Dianl DL400 Pro";"23386";"34.8";"EUR";"En stock";"Outils > Testeur et Alimentation  > Testeur écran / Nappe TEST > DIANL DL400 Pro Testeur Ecran";"https://www.pieces2mobile.com/nappe-de-test-ipad-pro-11-1ere-gen-2018-dianl-dl400-pro.html";"https://www.pieces2mobile.com/media/catalog/product/cache/08ce6ea9b7ea9e423fa7c2e2ae0fab3c/n/a/nappe-de-test_1_1_1_1_1_1_1_1_1_1_1_1_1_1_1_1_1_1_1_1_1_1_1_1_1_1_1_1_1_1_1_1_1_1_1_1_1_1_1_1_1_1_1_1_1_1_1_1_1_1_1_1_1_1_1_1_1_1_1_1_1_1_1.jpg";"Cette nappe de test mentionnée est spécialement conçue pour être utilisée avec le Testeur Écran Intelligent DL400 Pro pour Smartphones / Tablettes (Apple / Samsung / Xiaomi / OPPO). Cette nappe est utilisée pour évaluer les performances et la fonctionnalité des écrans de smartphones. Elle permet de vérifier divers aspects tels que la sensibilité tactile, la résolution, les couleurs, les contrastes..."
"Puce IC Wi-Fi JCID iPhone 14 / 14 Plus / 14 Pro / 14 Pro Max (W14X15 1110S)";"23383";"22.8";"EUR";"Rupture / sur commande";"Outils > Programmation > Plaque / Nappe de reprogrammation ";"https://www.pieces2mobile.com/puce-ic-wi-fi-jcid-iphone-14-14-plus-14-pro-14-pro-max-w14x15-1110s.html";"https://www.pieces2mobile.com/media/catalog/product/cache/08ce6ea9b7ea9e423fa7c2e2ae0fab3c/p/u/puce-ic-wi-fi-jcid-iphone-14-14-plus-14-pro-14-pro-max-w14x15-1110s-1.jpg";"Restaurez la connectivité de la gamme iPhone 14 avec la puce IC Wi-Fi JCID (W14X15 1110S) Chez pieces2mobile, votre partenaire spécialisé dans la distribution de pièces détachées et de composants de micro-soudure haut de gamme, nous mettons à votre disposition des solutions avancées pour la réparation de cartes mères. La puce circuit intégré IC Wi-Fi JCID W14X15 1110S est le composant de remplacem..."
"Nappe de test iPad Mini 5 Dianl DL400 Pro";"23384";"30";"EUR";"En stock";"Outils > Testeur et Alimentation  > Testeur écran / Nappe TEST > DIANL DL400 Pro Testeur Ecran";"https://www.pieces2mobile.com/nappe-de-test-ipad-mini-5-dianl-dl400-pro.html";"https://www.pieces2mobile.com/media/catalog/product/cache/08ce6ea9b7ea9e423fa7c2e2ae0fab3c/n/a/nappe-de-test_1_1_1_1_1_1_1_1_1_1_1_1_1_1_1_1_1_1_1_1_1_1_1_1_1_1_1_1_1_1_1_1_1_1_1_1_1_1_1_1_1_1_1_1_1_1_1_1_1_1_1_1_1_1_1_1_1_1_1_1_1.jpg";"Cette nappe de test mentionnée est spécialement conçue pour être utilisée avec le Testeur Écran Intelligent DL400 Pro pour Smartphones / Tablettes (Apple/Samsung /Xiaomi/OPPO). Cette nappe est utilisée pour évaluer les performances et la fonctionnalité des écrans de smartphones. Elle permet de vérifier divers aspects tels que la sensibilité tactile, la résolution, les couleurs, les contrastes, et ..."
"Nappe de test iPad Mini 4 Dianl DL400 Pro";"23385";"30";"EUR";"En stock";"Outils > Testeur et Alimentation  > Testeur écran / Nappe TEST > DIANL DL400 Pro Testeur Ecran";"https://www.pieces2mobile.com/nappe-de-test-ipad-mini-4-dianl-dl400-pro.html";"https://www.pieces2mobile.com/media/catalog/product/cache/08ce6ea9b7ea9e423fa7c2e2ae0fab3c/n/a/nappe-de-test_1_1_1_1_1_1_1_1_1_1_1_1_1_1_1_1_1_1_1_1_1_1_1_1_1_1_1_1_1_1_1_1_1_1_1_1_1_1_1_1_1_1_1_1_1_1_1_1_1_1_1_1_1_1_1_1_1_1_1_1_1_1.jpg";"Cette nappe de test mentionnée est spécialement conçue pour être utilisée avec le Testeur Écran Intelligent DL400 Pro pour Smartphones / Tablettes (Apple / Samsung / Xiaomi / OPPO). Cette nappe est utilisée pour évaluer les performances et la fonctionnalité des écrans de smartphones. Elle permet de vérifier divers aspects tels que la sensibilité tactile, la résolution, les couleurs, les contrastes..."
"Embout de polissage Plat 8 mm pour Stylo electrique D1 et Machine de retrait de colle CJ-1 Pro Maant";"22821";"2.4";"EUR";"En stock";"Outils > Redressement et Ajustement";"https://www.pieces2mobile.com/embout-de-polissage-plat-8-mm-pour-stylo-electrique-d1-et-machine-de-retrait-de-colle-cj-1-pro-maant.html";"https://www.pieces2mobile.com/media/catalog/product/cache/08ce6ea9b7ea9e423fa7c2e2ae0fab3c/e/m/embout-de-polissage-plat-8-mm-pour-stylo-electrique-maant-d1.jpg";"Les embouts de polissage D1 MaAnt sont spécialement conçus pour répondre aux besoins des travaux de précision et de finition. Proposés en lot de 5 pièces, ces embouts offrent une solution pratique et économique pour les professionnels comme pour les particuliers souhaitant obtenir un rendu propre et soigné sur de petites surfaces. Dotés d’une tête conique de 8 mm de diamètre, ces embouts permetten..."
"Embout de polissage arrondie 8 mm pour Stylo electrique D1 et Machine de retrait de colle CJ-1 Pro Maant";"22820";"2.4";"EUR";"En stock";"Outils > Redressement et Ajustement";"https://www.pieces2mobile.com/embout-de-polissage-arrondie-8-mm-pour-stylo-electrique-d1-et-machine-de-retrait-de-colle-cj-1-pro-maant.html";"https://www.pieces2mobile.com/media/catalog/product/cache/08ce6ea9b7ea9e423fa7c2e2ae0fab3c/e/m/embout-de-polissage-arrondie-8-mm-pour-stylo-electrique-maant-d1.jpg";"Les embouts de polissage D1 MaAnt sont spécialement conçus pour répondre aux besoins des travaux de précision et de finition. Proposés en lot de 5 pièces, ces embouts offrent une solution pratique et économique pour les professionnels comme pour les particuliers souhaitant obtenir un rendu propre et soigné sur de petites surfaces. Dotés d’une tête conique de 8 mm de diamètre, ces embouts permetten..."
"Panne fer à souder Droite à Pointe Ciseau ep 0.3 Jbc C210018H";"23409";"46.8";"EUR";"En stock";"Outils > Consommable > Panne / Buse";"https://www.pieces2mobile.com/panne-fer-a-souder-droite-a-pointe-ciseau-ep-0-3-jbc-c210018h.html";"https://www.pieces2mobile.com/media/catalog/product/cache/08ce6ea9b7ea9e423fa7c2e2ae0fab3c/p/a/panne-fer-a-souder-droite-a-pointe-ciseau-ep-0.3-jbc-c210018h.jpg";"Précision dimensionnelle et excellence thermique : La panne JBC C210018 à pointe ciseau Chez pieces2mobile, votre spécialiste en pièces détachées et outillage professionnel de précision, nous mettons à votre disposition les cartouches de soudage les plus performantes du marché. La panne pour fer à souder JBC C210018 (gamme C210 pour poignée T210) se distingue par sa géométrie en forme de ciseau de..."
"Panne fer à souder conique coudée Ø 0,2 Jbc C210002H";"23410";"46.8";"EUR";"En stock";"Outils > Consommable > Panne / Buse";"https://www.pieces2mobile.com/panne-fer-a-souder-conique-coudee-o-0-2-jbc-c210002h.html";"https://www.pieces2mobile.com/media/catalog/product/cache/08ce6ea9b7ea9e423fa7c2e2ae0fab3c/p/a/panne-fer-a-souder-conique-coudee-_-0_2-jbc-c210002h.jpg";"Atteignez une précision chirurgicale avec la panne JBC C210002H conique coudée Ø 0,2 mm Chez pieces2mobile, votre spécialiste en pièces détachées et outillage professionnel de précision, nous savons que l'accessibilité est primordiale lors des interventions complexes. La panne pour fer à souder JBC C210002H (gamme C210 pour poignée T210) combine la finesse extrême d'une pointe conique à l'ergonomi..."
"Tournevis à douille spécial iPhone 6S";"10190";"2.4";"EUR";"En stock";"Outils > Démontage - Montage > Tournevis";"https://www.pieces2mobile.com/tournevis-a-douille-special-iphone-6s.html";"https://www.pieces2mobile.com/media/catalog/product/cache/08ce6ea9b7ea9e423fa7c2e2ae0fab3c/t/o/tournevis_douille_sp_cial_iphone_6s_1_.jpg";"LES OUTILS PIECES2MOBILE Vous avez une r&eacute;paration &agrave; effectuer sur votre smartphone ou votre tablette, mais il vous manque un outil... Pieces2Mobile est l&agrave; ! Gr&acirc;ce &agrave; ce tournevis à douille sp&eacute;cial iPhone 6S, gagnez un temps fou dans vos r&eacute;parations.Avec PIECES2MOBILE, donnez un second souffle &agrave; vos smartphone et tablettes avec une r&eacute;para..."
"Embout de meulage 0.8A pour Stylo electrique D1 et Machine de retrait de colle CJ-1 Pro Maant";"22814";"2.4";"EUR";"En stock";"Outils > Redressement et Ajustement";"https://www.pieces2mobile.com/embout-de-meulage-0-8a-pour-stylo-electrique-d1-et-machine-de-retrait-de-colle-cj-1-pro-maant.html";"https://www.pieces2mobile.com/media/catalog/product/cache/08ce6ea9b7ea9e423fa7c2e2ae0fab3c/e/m/embout-de-meulage-0.8a-pour-stylo-electrique-maant-d1.jpg";"Les embouts de meulage MaAnt sont conçus pour répondre aux exigences des travaux de précision les plus minutieux. Proposés en lot de 5 pièces, ils constituent un accessoire indispensable pour tous les utilisateurs souhaitant réaliser des gravures fines, détaillées et parfaitement maîtrisées. Spécialement compatibles avec le stylo de polissage et de meulage électrique D1 et la machine de retrait de..."
"Embout de meulage 2.5D pour Stylo electrique D1 et Machine de retrait de colle CJ-1 Pro Maant";"22818";"2.4";"EUR";"En stock";"Outils > Redressement et Ajustement";"https://www.pieces2mobile.com/embout-de-meulage-2-5d-pour-stylo-electrique-d1-et-machine-de-retrait-de-colle-cj-1-pro-maant.html";"https://www.pieces2mobile.com/media/catalog/product/cache/08ce6ea9b7ea9e423fa7c2e2ae0fab3c/e/m/embout-de-meulage-2.5d-pour-stylo-electrique-maant-d1.jpg";"Les embouts de meulage D1 MaAnt, proposés en lot de 5 pièces, sont spécialement conçus pour offrir précision et efficacité lors de vos travaux de gravure et de finition. Adaptés aussi bien aux professionnels qu’aux amateurs exigeants, ils constituent un accessoire indispensable pour réaliser des opérations propres et détaillées. Compatibles avec le stylo de polissage et de meulage électrique D1 et..."
"Embout de meulage 0.6E pour Stylo electrique D1 et Machine de retrait de colle CJ-1 Pro Maant";"22819";"2.4";"EUR";"Rupture / sur commande";"Outils > Redressement et Ajustement";"https://www.pieces2mobile.com/embout-de-meulage-0-6e-pour-stylo-electrique-d1-et-machine-de-retrait-de-colle-cj-1-pro-maant.html";"https://www.pieces2mobile.com/media/catalog/product/cache/08ce6ea9b7ea9e423fa7c2e2ae0fab3c/e/m/embout-de-meulage-0.6e-pour-stylo-electrique-maant-d1.jpg";"Les Embouts de meulage D1 MaAnt, proposés en lot de 5 pièces, sont conçus pour répondre aux besoins des travaux de précision tout en offrant une efficacité accrue sur des surfaces plus larges. Ils constituent un excellent choix pour les utilisateurs recherchant à la fois performance, robustesse et polyvalence. Parfaitement compatibles avec le stylo de polissage et de meulage électrique D1 et la ma..."
"Embout de meulage 1.0K pour Stylo electrique D1 et Machine de retrait de colle CJ-1 Pro Maant";"22816";"3.6";"EUR";"Rupture / sur commande";"Outils > Redressement et Ajustement";"https://www.pieces2mobile.com/embout-de-meulage-1-0k-pour-stylo-electrique-d1-et-machine-de-retrait-de-colle-cj-1-pro-maant.html";"https://www.pieces2mobile.com/media/catalog/product/cache/08ce6ea9b7ea9e423fa7c2e2ae0fab3c/e/m/embout-de-meulage-1.0k-pour-stylo-electrique-maant-d1.jpg";""
"Embout de meulage 0.6A pour Stylo electrique D1 et Machine de retrait de colle CJ-1 Pro Maant";"22817";"2.4";"EUR";"Rupture / sur commande";"Outils > Redressement et Ajustement";"https://www.pieces2mobile.com/embout-de-meulage-0-6a-pour-stylo-electrique-d1-et-machine-de-retrait-de-colle-cj-1-pro-maant.html";"https://www.pieces2mobile.com/media/catalog/product/cache/08ce6ea9b7ea9e423fa7c2e2ae0fab3c/e/m/embout-de-meulage-0.6a-pour-stylo-electrique-maant-d1_1.jpg";""
"Embout de meulage 0.2A pour Stylo electrique D1 et Machine de retrait de colle CJ-1 Pro Maant";"22815";"2.4";"EUR";"Rupture / sur commande";"Outils > Redressement et Ajustement";"https://www.pieces2mobile.com/embout-de-meulage-0-2a-pour-stylo-electrique-d1-et-machine-de-retrait-de-colle-cj-1-pro-maant.html";"https://www.pieces2mobile.com/media/catalog/product/cache/08ce6ea9b7ea9e423fa7c2e2ae0fab3c/e/m/embout-de-meulage-0.2a-pour-stylo-electrique-maant-d1.jpg";"Les embouts de meulage pointe fine D1 MaAnt sont spécialement conçus pour les travaux nécessitant une extrême finesse et une grande précision. Proposés en lot de 5 pièces, ils représentent une solution idéale pour les professionnels et les passionnés recherchant un niveau de détail très élevé dans leurs interventions. Parfaitement compatibles avec le stylo de polissage et de meulage électrique D1 ..."
"Embout de meulage 4.0K pour Stylo electrique D1 et Machine de retrait de colle CJ-1 Pro Maant";"22813";"2.4";"EUR";"Rupture / sur commande";"Outils > Redressement et Ajustement";"https://www.pieces2mobile.com/embout-de-meulage-4-0k-pour-stylo-electrique-d1-et-machine-de-retrait-de-colle-cj-1-pro-maant.html";"https://www.pieces2mobile.com/media/catalog/product/cache/08ce6ea9b7ea9e423fa7c2e2ae0fab3c/e/m/embout-de-meulage-4.0k-pour-stylo-electrique-maant-d1.jpg";"Les embouts de meulage MaAnt sont spécialement conçus pour offrir une précision optimale dans les travaux de découpe et de polissage. Vendus en lot de 5 pièces, ces accessoires sont parfaitement adaptés aux utilisateurs recherchant performance, fiabilité et finesse d’exécution dans leurs manipulations. Compatibles avec le stylo de polissage et de meulage électrique D1 et la Machine de retrait de c..."
"Ruban de masquage haute température en polyimide (5 mm)";"6263";"1.58";"EUR";"Rupture / sur commande";"Outils > Colle, Adhésif et Dissolvant > Adhésif";"https://www.pieces2mobile.com/ruban-de-masquage-haute-temperature-en-polyimide-5-mm.html";"https://www.pieces2mobile.com/media/catalog/product/cache/08ce6ea9b7ea9e423fa7c2e2ae0fab3c/r/u/ruban-thermique-moyen.jpg";"Rubans adh&eacute;sifs (produits de masquage) en polyimide pour des applications de traitement de surface en tr&egrave;s haute temp&eacute;rature. Le ruban polyimide r&eacute;siste &agrave; 260&deg;C en constant et peut &ecirc;tre utilis&eacute; avec succ&egrave;s jusqu&rsquo;&agrave; 370&deg;C pour de courtes p&eacute;riodes. Parfait pour isoler les pi&egrave;ces d'un mobile pendant la soudure."
"Câble de Réparation & Diagnostic Magico 7-en-1 OLED iPhone & Samsung M01";"23408";"21.26";"EUR";"En stock";"Outils > Testeur et Alimentation  > Testeur carte mère";"https://www.pieces2mobile.com/magico-7in1-bootkey-m01-outil-de-diagnostic-et-reparation-intelligente-pour-smartphones.html";"https://www.pieces2mobile.com/media/catalog/product/placeholder/default/pieces2mobile-photo-generique-piece-mobile.jpg";"Simplifiez vos diagnostics et vos flashs avec l'outil intelligent Magicoteam M01 7-en-1 Chez pieces2mobile, votre spécialiste en pièces détachées et outillage de réparation pour techniciens, nous sélectionnons des équipements innovants conçus pour maximiser l'efficacité de votre atelier. L'outil de diagnostic et câble de réparation Magicoteam M01 rassemble les fonctionnalités de 7 câbles spécialis..."
"Pate à souder nano 183°C 2UUL";"14520";"3.92";"EUR";"Rupture / sur commande";"Outils > Consommable > Soudure";"https://www.pieces2mobile.com/pate-a-souder-nano-183-c-2uul.html";"https://www.pieces2mobile.com/media/catalog/product/cache/08ce6ea9b7ea9e423fa7c2e2ae0fab3c/p/a/pate-a-souder-2uul.jpg";""
"Ruban de masquage haute température en polyimide (3 mm)";"6261";"0.96";"EUR";"Rupture / sur commande";"Outils > Colle, Adhésif et Dissolvant > Adhésif";"https://www.pieces2mobile.com/ruban-de-masquage-haute-temperature-en-polyimide-3-mm.html";"https://www.pieces2mobile.com/media/catalog/product/cache/08ce6ea9b7ea9e423fa7c2e2ae0fab3c/r/u/ruban-thermique-petit_2.jpg";"Rubans adh&eacute;sifs (produits de masquage) en polyimide pour des applications de traitement de surface en tr&egrave;s haute temp&eacute;rature. Le ruban polyimide r&eacute;siste &agrave; 260&deg;C en constant et peut &ecirc;tre utilis&eacute; avec succ&egrave;s jusqu&rsquo;&agrave; 370&deg;C pour de courtes p&eacute;riodes. Parfait pour isoler les pi&egrave;ces d'un mobile pendant la soudure."
"Tapis isolant et thermique Maant G1 Rouge";"21357";"12";"EUR";"En stock";"Outils > Autres > Tapis Isolant";"https://www.pieces2mobile.com/tapis-isolant-et-thermique-maant-g1-rouge.html";"https://www.pieces2mobile.com/media/catalog/product/cache/08ce6ea9b7ea9e423fa7c2e2ae0fab3c/t/a/tapis-isolant-thermique-maant-g1-rouge1.jpg";"Le tapis d’isolation thermique MAANT G1 est un accessoire indispensable pour tous les professionnels et passionnés de réparation électronique. Conçu en silicone résistant aux hautes températures, il protège efficacement votre plan de travail contre la chaleur, les brûlures, les chocs et les rayures. Sa composition de haute qualité lui permet de supporter l’utilisation d’un fer à souder, d’un pisto..."
"Découpeuse Laser avec extracteur de fumée Blue Light Forward";"13860";"828";"EUR";"Rupture / sur commande";"Outils > Machine > Laser";"https://www.pieces2mobile.com/decoupeuse-laser-avec-extracteur-de-fumee-blue-light-forward.html";"https://www.pieces2mobile.com/media/catalog/product/cache/08ce6ea9b7ea9e423fa7c2e2ae0fab3c/b/l/blue_laser_machine.jpg";"Découpeuse Laser avec extracteur de fumée Blue Light Forward : Pour une Réparation de smartphones révolutionnée 1. Introduction à la Révolution technologique La Découpeuse Laser avec extracteur de fumée Blue Light Forward incarne l’innovation dans le domaine de la réparation de vitre arrière de téléphones. Cette machine de séparation laser de pointe, spécialement conçue pour le décollage des vitre..."
"Tapis chauffant pour ouverture d’écran Sunshine LS3 SE 11""";"21841";"24";"EUR";"En stock";"Outils > Machine > Décolleuse d'écran";"https://www.pieces2mobile.com/tapis-chauffant-pour-separateur-d-ecran-lcd-sunshine-ls3-se-11-pouces.html";"https://www.pieces2mobile.com/media/catalog/product/cache/08ce6ea9b7ea9e423fa7c2e2ae0fab3c/t/a/tapis-pour-separateur-d_ecran-lcd-sunshine-ls3-se-11-pouces-1.jpg";"Le SUNSHINE LS3 SE est un tapis chauffant intelligent conçu pour faciliter la réparation d’écrans LCD de téléphones et tablettes. Il combine chauffage et séparation pour ramollir la colle et simplifier le démontage. Sa température est réglable de 40 °C à 120 °C avec 13 niveaux de précision, et son cœur de chauffe en U assure une chaleur rapide et uniforme sur toute la surface. Le tapis mémorise au..."
"Chiffon Antistatique (x100) Polyester 15 × 15cm Best 9005";"22748";"7.2";"EUR";"En stock";"Outils > Autres";"https://www.pieces2mobile.com/chiffon-antistatique-x100-polyester-15-15cm-best-9005.html";"https://www.pieces2mobile.com/media/catalog/product/cache/08ce6ea9b7ea9e423fa7c2e2ae0fab3c/c/h/chiffon-antistatique-x100-polyester-15-_-15cm_1.jpg";"Nettoyer facilement tous vos appareils electronqiues avec ce chiffon sp&eacute;cial. Avec sa mati&egrave;re en Polyester et sa propr&eacute;t&eacute; antistatique, il ne peluche pas et vous offre une coniditon de nettoyage otpimum.Avec Pi&egrave;ces2Mobile, r&eacute;glez vos probl&egrave;mes de mobile simplement."
"Tournevis électrique multifonction Maant L5 Pro";"18850";"30.96";"EUR";"Rupture / sur commande";"Outils > Démontage - Montage > Tournevis";"https://www.pieces2mobile.com/tournevis-electrique-multifonction-maant-l5-pro.html";"https://www.pieces2mobile.com/media/catalog/product/cache/08ce6ea9b7ea9e423fa7c2e2ae0fab3c/t/o/tournevis-electrique-multifonction-maant-l5-pro-1.jpg";"Le L5 Pro All-Rounder est un tournevis électrique multifonction de haute performance, conçu spécifiquement pour répondre à tous vos besoins en matière de bricolage, d’électronique et de réparation. Que vous soyez un professionnel ou un amateur de bricolage, cet outil est l'allié parfait pour réaliser des travaux de précision. Performance et Autonomie Doté d'une endurance impressionnante, le L5 Pro..."
"Chiffon Antistatique (x100) Polyester 23 × 23cm";"22749";"7.2";"EUR";"En stock";"Outils > Autres";"https://www.pieces2mobile.com/chiffon-antistatique-x100-polyester-23-23cm.html";"https://www.pieces2mobile.com/media/catalog/product/cache/08ce6ea9b7ea9e423fa7c2e2ae0fab3c/c/h/chiffon-antistatique-x100-polyester-23-_-23cm.jpg";"Nettoyer facilement tous vos appareils electronqiues avec ce chiffon sp&eacute;cial. Avec sa mati&egrave;re en Polyester et sa propr&eacute;t&eacute; antistatique, il ne peluche pas et vous offre une coniditon de nettoyage otpimum.Avec Pi&egrave;ces2Mobile, r&eacute;glez vos probl&egrave;mes de mobile simplement."
"Ruban de masquage haute température en polyimide (30 mm)";"6262";"3.16";"EUR";"Rupture / sur commande";"Outils > Colle, Adhésif et Dissolvant > Adhésif";"https://www.pieces2mobile.com/ruban-de-masquage-haute-temperature-en-polyimide-30-mm.html";"https://www.pieces2mobile.com/media/catalog/product/cache/08ce6ea9b7ea9e423fa7c2e2ae0fab3c/r/u/ruban-thermique-grande_1.jpg";"Rubans adh&eacute;sifs (produits de masquage) en polyimide pour des applications de traitement de surface en tr&egrave;s haute temp&eacute;rature. Le ruban polyimide r&eacute;siste &agrave; 260&deg;C en constant et peut &ecirc;tre utilis&eacute; avec succ&egrave;s jusqu&rsquo;&agrave; 370&deg;C pour de courtes p&eacute;riodes. Parfait pour isoler les pi&egrave;ces d'un mobile pendant la soudure."
"Stencil plaque de rebillage carte mère Amaoe iPhone 11-17 (IPDY:1 V7.0) 0,12mm";"21986";"3.6";"EUR";"Rupture / sur commande";"Outils > Soudure > Plaque de rebillage";"https://www.pieces2mobile.com/stencil-plaque-de-rebillage-carte-mere-amaoe-ip11-17-ipdy-1-v7-0-0-12mm.html";"https://www.pieces2mobile.com/media/catalog/product/cache/08ce6ea9b7ea9e423fa7c2e2ae0fab3c/s/t/stencil-plaque-de-rebillage-carte-mere-amaoe-ip11-17-ipdy1-v7.0-0_12mm.jpg";"La plaque de rebillage AMAOE IPDY:1 v7.0 est spécialement conçue pour le rebillage des composants BGA sur carte mère. Elle est compatible avec les iPhone 11-17 , ce qui en fait un outil adapté aux réparations précises de ce smartphone. Il s’agit d’une plaque de rebillage baseband (BB) fabriquée en acier inoxydable haute résistance, offrant une découpe de haute précision pour un alignement parfait ..."
